{
	"users": [
		{
			"id": 0,
			"phone_number" : "9562223383",
			"first_name" : "Joe", 
			"last_name" : "Abbott",
			"password" : "1234",
			"auth_code" : "2234",
			"phone_validated": true
		},
		{
			"id": 1,
			"phone_number" : "2538866020",
			"first_name" : "Joe", 
			"last_name" : "Lee",
			"password" : "1234",
			"auth_code" : "2234",
			"phone_validated": true
		},
		{
			"id": 2,
			"phone_number" : "9405949070",
			"first_name" : "Peter", 
			"last_name" : "Hu",
			"password" : "1234",
			"auth_code" : "2234",
			"phone_validated": true
		}
	]
}