{
	"match_requests": [
		{
			"id" : 0,
			"user_id": 1, 
			"assignment_id" : 16,
			"course_id" : 4, 
			"problems_known" : [1,3,5],
			"problems_unknown" : [2,4,6],
			"pending" : true
		},
		{
			"id" : 1,
			"user_id": 1, 
			"assignment_id" : 17,
			"course_id" : 4, 
			"problems_known" : [2,4,6],
			"problems_unknown" : [1,3,5],
			"pending" : true
		},
		{
			"id" : 2,
			"user_id": 1, 
			"assignment_id" : 18,
			"course_id" : 4, 
			"problems_known" : [1,3,5],
			"problems_unknown" : [2,4,6],
			"pending" : true
		},
		{
			"id" : 3,
			"user_id": 1, 
			"assignment_id" : 19,
			"course_id" : 4, 
			"problems_known" : [2,4,6],
			"problems_unknown" : [1,3,5],
			"pending" : false
		},
		{
			"id" : 4,
			"user_id": 2, 
			"assignment_id" : 0,
			"course_id" : 0, 
			"problems_known" : [1,3,5],
			"problems_unknown" : [2,4,6],
			"pending" : true
		},
		{
			"id" : 5,
			"user_id": 2, 
			"assignment_id" : 1,
			"course_id" : 0, 
			"problems_known" : [2,4,6],
			"problems_unknown" : [1,3,5],
			"pending" : true
		},
		{
			"id" : 6,
			"user_id": 2, 
			"assignment_id" : 2,
			"course_id" : 0, 
			"problems_known" : [1,3,5],
			"problems_unknown" : [2,4,6],
			"pending" : true
		},
		{
			"id" : 7,
			"user_id": 2, 
			"assignment_id" : 3,
			"course_id" : 0, 
			"problems_known" : [2,4,6],
			"problems_unknown" : [1,3,5],
			"pending" : true
		},
		{
			"id" : 8,
			"user_id": 0, 
			"assignment_id" : 4,
			"course_id" : 1, 
			"problems_known" : [1,3,5],
			"problems_unknown" : [2,4,6],
			"pending" : true
		},
		{
			"id" : 9,
			"user_id": 0, 
			"assignment_id" : 5,
			"course_id" : 1, 
			"problems_known" : [2,4,6],
			"problems_unknown" : [1,3,5],
			"pending" : true
		},
		{
			"id" : 10,
			"user_id": 0, 
			"assignment_id" : 6,
			"course_id" : 1, 
			"problems_known" : [1,3,5],
			"problems_unknown" : [2,4,6],
			"pending" : true
		},
		{
			"id" : 11,
			"user_id": 0, 
			"assignment_id" : 7,
			"course_id" : 1, 
			"problems_known" : [2,4,6],
			"problems_unknown" : [1,3,5],
			"pending" : true
		},
		{
			"id" : 12,
			"user_id": 3, 
			"assignment_id" : 8,
			"course_id" : 2, 
			"problems_known" : [1,3,5],
			"problems_unknown" : [2,4,6],
			"pending" : true
		},
		{
			"id" : 13,
			"user_id": 3, 
			"assignment_id" : 9,
			"course_id" : 2, 
			"problems_known" : [2,4,6],
			"problems_unknown" : [1,3,5],
			"pending" : true
		},
		{
			"id" : 14,
			"user_id": 3, 
			"assignment_id" : 10,
			"course_id" : 2, 
			"problems_known" : [1,3,5],
			"problems_unknown" : [2,4,6],
			"pending" : true
		},
		{
			"id" : 15,
			"user_id": 3, 
			"assignment_id" : 11,
			"course_id" : 2, 
			"problems_known" : [2,4,6],
			"problems_unknown" : [1,3,5],
			"pending" : false
		},
		{
			"id" : 16,
			"user_id": 2, 
			"assignment_id" : 19,
			"course_id" : 4, 
			"problems_known" : [1,3,5],
			"problems_unknown" : [2,4,6],
			"pending" : false
		},{
			"id" : 17,
			"user_id": 0, 
			"assignment_id" : 11,
			"course_id" : 2, 
			"problems_known" : [2,4,6],
			"problems_unknown" : [1,3,5],
			"pending" : false
		}
		
	]
}